"sample_ID","Sex","Plate","Row","Col","Age","Time_post_injection"
"A1_Plate25","Female","25","A",1,"Young",1
"A2_Plate25","Female","25","A",2,"Young",1
"A3_Plate25","Female","25","A",3,"Old",1
"A4_Plate25","Female","25","A",4,"Old",1
"A5_Plate25","Female","25","A",5,"Young",2
"A6_Plate25","Female","25","A",6,"Young",2
"A7_Plate25","Female","25","A",7,"Old",2
"A8_Plate25","Female","25","A",8,"Old",2
"A9_Plate25","Female","25","A",9,"Young",3
"A10_Plate25","Female","25","A",10,"Young",3
"A11_Plate25","Female","25","A",11,"Young",3
"A12_Plate25","Female","25","A",12,"Young",3
"B1_Plate25","Female","25","B",1,"Young",1
"B2_Plate25","Female","25","B",2,"Young",1
"B3_Plate25","Female","25","B",3,"Old",1
"B4_Plate25","Female","25","B",4,"Old",1
"B5_Plate25","Female","25","B",5,"Young",2
"B6_Plate25","Female","25","B",6,"Young",2
"B7_Plate25","Female","25","B",7,"Old",2
"B8_Plate25","Female","25","B",8,"Old",2
"B9_Plate25","Female","25","B",9,"Young",3
"B10_Plate25","Female","25","B",10,"Young",3
"B11_Plate25","Female","25","B",11,"Young",3
"B12_Plate25","Female","25","B",12,"Young",3
"C1_Plate25","Female","25","C",1,"Young",1
"C2_Plate25","Female","25","C",2,"Young",1
"C3_Plate25","Female","25","C",3,"Old",1
"C4_Plate25","Female","25","C",4,"Old",1
"C5_Plate25","Female","25","C",5,"Young",2
"C6_Plate25","Female","25","C",6,"Young",2
"C7_Plate25","Female","25","C",7,"Old",2
"C8_Plate25","Female","25","C",8,"Old",2
"C9_Plate25","Female","25","C",9,"Young",3
"C10_Plate25","Female","25","C",10,"Young",3
"C11_Plate25","Female","25","C",11,"Young",3
"C12_Plate25","Female","25","C",12,"Young",3
"D1_Plate25","Female","25","D",1,"Young",1
"D2_Plate25","Female","25","D",2,"Young",1
"D3_Plate25","Female","25","D",3,"Old",1
"D4_Plate25","Female","25","D",4,"Old",1
"D5_Plate25","Female","25","D",5,"Young",2
"D6_Plate25","Female","25","D",6,"Young",2
"D7_Plate25","Female","25","D",7,"Old",2
"D8_Plate25","Female","25","D",8,"Old",2
"D9_Plate25","Female","25","D",9,"Young",3
"D10_Plate25","Female","25","D",10,"Young",3
"D11_Plate25","Female","25","D",11,"Young",3
"D12_Plate25","Female","25","D",12,"Young",3
"E1_Plate25","Male","25","E",1,"Young",1
"E2_Plate25","Male","25","E",2,"Young",1
"E3_Plate25","Male","25","E",3,"Old",1
"E4_Plate25","Male","25","E",4,"Old",1
"E5_Plate25","Male","25","E",5,"Young",2
"E6_Plate25","Male","25","E",6,"Young",2
"E7_Plate25","Male","25","E",7,"Old",2
"E8_Plate25","Male","25","E",8,"Old",2
"E9_Plate25","Male","25","E",9,"Young",3
"E10_Plate25","Male","25","E",10,"Young",3
"E11_Plate25","Male","25","E",11,"Young",3
"E12_Plate25","Male","25","E",12,"Young",3
"F1_Plate25","Male","25","F",1,"Young",1
"F2_Plate25","Male","25","F",2,"Young",1
"F3_Plate25","Male","25","F",3,"Old",1
"F4_Plate25","Male","25","F",4,"Old",1
"F5_Plate25","Male","25","F",5,"Young",2
"F6_Plate25","Male","25","F",6,"Young",2
"F7_Plate25","Male","25","F",7,"Old",2
"F8_Plate25","Male","25","F",8,"Old",2
"F9_Plate25","Male","25","F",9,"Young",3
"F10_Plate25","Male","25","F",10,"Young",3
"F11_Plate25","Male","25","F",11,"Young",3
"F12_Plate25","Male","25","F",12,"Young",3
"G1_Plate25","Male","25","G",1,"Young",1
"G2_Plate25","Male","25","G",2,"Young",1
"G3_Plate25","Male","25","G",3,"Old",1
"G4_Plate25","Male","25","G",4,"Old",1
"G5_Plate25","Male","25","G",5,"Young",2
"G6_Plate25","Male","25","G",6,"Young",2
"G7_Plate25","Male","25","G",7,"Old",2
"G8_Plate25","Male","25","G",8,"Old",2
"G9_Plate25","Male","25","G",9,"Young",3
"G10_Plate25","Male","25","G",10,"Young",3
"G11_Plate25","Male","25","G",11,"Young",3
"G12_Plate25","Male","25","G",12,"Young",3
"H1_Plate25","Male","25","H",1,"Young",1
"H2_Plate25","Male","25","H",2,"Young",1
"H3_Plate25","Male","25","H",3,"Old",1
"H4_Plate25","Male","25","H",4,"Old",1
"H5_Plate25","Male","25","H",5,"Young",2
"H6_Plate25","Male","25","H",6,"Young",2
"H7_Plate25","Male","25","H",7,"Old",2
"H8_Plate25","Male","25","H",8,"Old",2
"H9_Plate25","Male","25","H",9,"Young",3
"H10_Plate25","Male","25","H",10,"Young",3
"H11_Plate25","Male","25","H",11,"Young",3
"H12_Plate25","Male","25","H",12,"Young",3
"A1_Plate26","Female","26","A",1,"Young",1
"A2_Plate26","Female","26","A",2,"Young",1
"A3_Plate26","Female","26","A",3,"Old",1
"A4_Plate26","Female","26","A",4,"Old",1
"A5_Plate26","Female","26","A",5,"Young",2
"A6_Plate26","Female","26","A",6,"Young",2
"A7_Plate26","Female","26","A",7,"Old",2
"A8_Plate26","Female","26","A",8,"Old",2
"A9_Plate26","Female","26","A",9,"Young",3
"A10_Plate26","Female","26","A",10,"Young",3
"A11_Plate26","Female","26","A",11,"Young",3
"A12_Plate26","Female","26","A",12,"Young",3
"B1_Plate26","Female","26","B",1,"Young",1
"B2_Plate26","Female","26","B",2,"Young",1
"B3_Plate26","Female","26","B",3,"Old",1
"B4_Plate26","Female","26","B",4,"Old",1
"B5_Plate26","Female","26","B",5,"Young",2
"B6_Plate26","Female","26","B",6,"Young",2
"B7_Plate26","Female","26","B",7,"Old",2
"B8_Plate26","Female","26","B",8,"Old",2
"B9_Plate26","Female","26","B",9,"Young",3
"B10_Plate26","Female","26","B",10,"Young",3
"B11_Plate26","Female","26","B",11,"Young",3
"B12_Plate26","Female","26","B",12,"Young",3
"C1_Plate26","Female","26","C",1,"Young",1
"C2_Plate26","Female","26","C",2,"Young",1
"C3_Plate26","Female","26","C",3,"Old",1
"C4_Plate26","Female","26","C",4,"Old",1
"C5_Plate26","Female","26","C",5,"Young",2
"C6_Plate26","Female","26","C",6,"Young",2
"C7_Plate26","Female","26","C",7,"Old",2
"C8_Plate26","Female","26","C",8,"Old",2
"C9_Plate26","Female","26","C",9,"Young",3
"C10_Plate26","Female","26","C",10,"Young",3
"C11_Plate26","Female","26","C",11,"Young",3
"C12_Plate26","Female","26","C",12,"Young",3
"D1_Plate26","Female","26","D",1,"Young",1
"D2_Plate26","Female","26","D",2,"Young",1
"D3_Plate26","Female","26","D",3,"Old",1
"D4_Plate26","Female","26","D",4,"Old",1
"D5_Plate26","Female","26","D",5,"Young",2
"D6_Plate26","Female","26","D",6,"Young",2
"D7_Plate26","Female","26","D",7,"Old",2
"D8_Plate26","Female","26","D",8,"Old",2
"D9_Plate26","Female","26","D",9,"Young",3
"D10_Plate26","Female","26","D",10,"Young",3
"D11_Plate26","Female","26","D",11,"Young",3
"D12_Plate26","Female","26","D",12,"Young",3
"E1_Plate26","Male","26","E",1,"Young",1
"E2_Plate26","Male","26","E",2,"Young",1
"E3_Plate26","Male","26","E",3,"Old",1
"E4_Plate26","Male","26","E",4,"Old",1
"E5_Plate26","Male","26","E",5,"Young",2
"E6_Plate26","Male","26","E",6,"Young",2
"E7_Plate26","Male","26","E",7,"Old",2
"E8_Plate26","Male","26","E",8,"Old",2
"E9_Plate26","Male","26","E",9,"Young",3
"E10_Plate26","Male","26","E",10,"Young",3
"E11_Plate26","Male","26","E",11,"Young",3
"E12_Plate26","Male","26","E",12,"Young",3
"F1_Plate26","Male","26","F",1,"Young",1
"F2_Plate26","Male","26","F",2,"Young",1
"F3_Plate26","Male","26","F",3,"Old",1
"F4_Plate26","Male","26","F",4,"Old",1
"F5_Plate26","Male","26","F",5,"Young",2
"F6_Plate26","Male","26","F",6,"Young",2
"F7_Plate26","Male","26","F",7,"Old",2
"F8_Plate26","Male","26","F",8,"Old",2
"F9_Plate26","Male","26","F",9,"Young",3
"F10_Plate26","Male","26","F",10,"Young",3
"F11_Plate26","Male","26","F",11,"Young",3
"F12_Plate26","Male","26","F",12,"Young",3
"G1_Plate26","Male","26","G",1,"Young",1
"G2_Plate26","Male","26","G",2,"Young",1
"G3_Plate26","Male","26","G",3,"Old",1
"G4_Plate26","Male","26","G",4,"Old",1
"G5_Plate26","Male","26","G",5,"Young",2
"G6_Plate26","Male","26","G",6,"Young",2
"G7_Plate26","Male","26","G",7,"Old",2
"G8_Plate26","Male","26","G",8,"Old",2
"G9_Plate26","Male","26","G",9,"Young",3
"G10_Plate26","Male","26","G",10,"Young",3
"G11_Plate26","Male","26","G",11,"Young",3
"G12_Plate26","Male","26","G",12,"Young",3
"H1_Plate26","Male","26","H",1,"Young",1
"H2_Plate26","Male","26","H",2,"Young",1
"H3_Plate26","Male","26","H",3,"Old",1
"H4_Plate26","Male","26","H",4,"Old",1
"H5_Plate26","Male","26","H",5,"Young",2
"H6_Plate26","Male","26","H",6,"Young",2
"H7_Plate26","Male","26","H",7,"Old",2
"H8_Plate26","Male","26","H",8,"Old",2
"H9_Plate26","Male","26","H",9,"Young",3
"H10_Plate26","Male","26","H",10,"Young",3
"H11_Plate26","Male","26","H",11,"Young",3
"H12_Plate26","Male","26","H",12,"Young",3
"A1_Plate72","Female","72","A",1,"Young",12
"A2_Plate72","Female","72","A",2,"Young",12
"A3_Plate72","Female","72","A",3,"Old",12
"A4_Plate72","Female","72","A",4,"Old",12
"A5_Plate72","Female","72","A",5,"Young",13
"A6_Plate72","Female","72","A",6,"Young",13
"A7_Plate72","Female","72","A",7,"Old",13
"A8_Plate72","Female","72","A",8,"Old",13
"A9_Plate72","Female","72","A",9,"Young",NA
"A10_Plate72","Female","72","A",10,"Young",NA
"A11_Plate72","Female","72","A",11,"Young",NA
"A12_Plate72","Female","72","A",12,"Young",NA
"B1_Plate72","Female","72","B",1,"Young",12
"B2_Plate72","Female","72","B",2,"Young",12
"B3_Plate72","Female","72","B",3,"Old",12
"B4_Plate72","Female","72","B",4,"Old",12
"B5_Plate72","Female","72","B",5,"Young",13
"B6_Plate72","Female","72","B",6,"Young",13
"B7_Plate72","Female","72","B",7,"Old",13
"B8_Plate72","Female","72","B",8,"Old",13
"B9_Plate72","Female","72","B",9,"Young",NA
"B10_Plate72","Female","72","B",10,"Young",NA
"B11_Plate72","Female","72","B",11,"Young",NA
"B12_Plate72","Female","72","B",12,"Young",NA
"C1_Plate72","Female","72","C",1,"Young",12
"C2_Plate72","Female","72","C",2,"Young",12
"C3_Plate72","Female","72","C",3,"Old",12
"C4_Plate72","Female","72","C",4,"Old",12
"C5_Plate72","Female","72","C",5,"Young",13
"C6_Plate72","Female","72","C",6,"Young",13
"C7_Plate72","Female","72","C",7,"Old",13
"C8_Plate72","Female","72","C",8,"Old",13
"C9_Plate72","Female","72","C",9,"Young",NA
"C10_Plate72","Female","72","C",10,"Young",NA
"C11_Plate72","Female","72","C",11,"Young",NA
"C12_Plate72","Female","72","C",12,"Young",NA
"D1_Plate72","Female","72","D",1,"Young",12
"D2_Plate72","Female","72","D",2,"Young",12
"D3_Plate72","Female","72","D",3,"Old",12
"D4_Plate72","Female","72","D",4,"Old",12
"D5_Plate72","Female","72","D",5,"Young",13
"D6_Plate72","Female","72","D",6,"Young",13
"D7_Plate72","Female","72","D",7,"Old",13
"D8_Plate72","Female","72","D",8,"Old",13
"D9_Plate72","Female","72","D",9,"Young",NA
"D10_Plate72","Female","72","D",10,"Young",NA
"D11_Plate72","Female","72","D",11,"Young",NA
"D12_Plate72","Female","72","D",12,"Young",NA
"E1_Plate72","Male","72","E",1,"Young",12
"E2_Plate72","Male","72","E",2,"Young",12
"E3_Plate72","Male","72","E",3,"Old",12
"E4_Plate72","Male","72","E",4,"Old",12
"E5_Plate72","Male","72","E",5,"Young",13
"E6_Plate72","Male","72","E",6,"Young",13
"E7_Plate72","Male","72","E",7,"Old",13
"E8_Plate72","Male","72","E",8,"Old",13
"E9_Plate72","Male","72","E",9,"Young",NA
"E10_Plate72","Male","72","E",10,"Young",NA
"E11_Plate72","Male","72","E",11,"Young",NA
"E12_Plate72","Male","72","E",12,"Young",NA
"F1_Plate72","Male","72","F",1,"Young",12
"F2_Plate72","Male","72","F",2,"Young",12
"F3_Plate72","Male","72","F",3,"Old",12
"F4_Plate72","Male","72","F",4,"Old",12
"F5_Plate72","Male","72","F",5,"Young",13
"F6_Plate72","Male","72","F",6,"Young",13
"F7_Plate72","Male","72","F",7,"Old",13
"F8_Plate72","Male","72","F",8,"Old",13
"F9_Plate72","Male","72","F",9,"Young",NA
"F10_Plate72","Male","72","F",10,"Young",NA
"F11_Plate72","Male","72","F",11,"Young",NA
"F12_Plate72","Male","72","F",12,"Young",NA
"G1_Plate72","Male","72","G",1,"Young",12
"G2_Plate72","Male","72","G",2,"Young",12
"G3_Plate72","Male","72","G",3,"Old",12
"G4_Plate72","Male","72","G",4,"Old",12
"G5_Plate72","Male","72","G",5,"Young",13
"G6_Plate72","Male","72","G",6,"Young",13
"G7_Plate72","Male","72","G",7,"Old",13
"G8_Plate72","Male","72","G",8,"Old",13
"G9_Plate72","Male","72","G",9,"Young",NA
"G10_Plate72","Male","72","G",10,"Young",NA
"G11_Plate72","Male","72","G",11,"Young",NA
"G12_Plate72","Male","72","G",12,"Young",NA
"H1_Plate72","Male","72","H",1,"Young",12
"H2_Plate72","Male","72","H",2,"Young",12
"H3_Plate72","Male","72","H",3,"Old",12
"H4_Plate72","Male","72","H",4,"Old",12
"H5_Plate72","Male","72","H",5,"Young",13
"H6_Plate72","Male","72","H",6,"Young",13
"H7_Plate72","Male","72","H",7,"Old",13
"H8_Plate72","Male","72","H",8,"Old",13
"H9_Plate72","Male","72","H",9,"Young",NA
"H10_Plate72","Male","72","H",10,"Young",NA
"H11_Plate72","Male","72","H",11,"Young",NA
"H12_Plate72","Male","72","H",12,"Young",NA
"A1_Plate73","Female","73","A",1,"Young",12
"A2_Plate73","Female","73","A",2,"Young",12
"A3_Plate73","Female","73","A",3,"Old",12
"A4_Plate73","Female","73","A",4,"Old",12
"A5_Plate73","Female","73","A",5,"Young",13
"A6_Plate73","Female","73","A",6,"Young",13
"A7_Plate73","Female","73","A",7,"Old",13
"A8_Plate73","Female","73","A",8,"Old",13
"A9_Plate73","Female","73","A",9,"Young",NA
"A10_Plate73","Female","73","A",10,"Young",NA
"A11_Plate73","Female","73","A",11,"Young",NA
"A12_Plate73","Female","73","A",12,"Young",NA
"B1_Plate73","Female","73","B",1,"Young",12
"B2_Plate73","Female","73","B",2,"Young",12
"B3_Plate73","Female","73","B",3,"Old",12
"B4_Plate73","Female","73","B",4,"Old",12
"B5_Plate73","Female","73","B",5,"Young",13
"B6_Plate73","Female","73","B",6,"Young",13
"B7_Plate73","Female","73","B",7,"Old",13
"B8_Plate73","Female","73","B",8,"Old",13
"B9_Plate73","Female","73","B",9,"Young",NA
"B10_Plate73","Female","73","B",10,"Young",NA
"B11_Plate73","Female","73","B",11,"Young",NA
"B12_Plate73","Female","73","B",12,"Young",NA
"C1_Plate73","Female","73","C",1,"Young",12
"C2_Plate73","Female","73","C",2,"Young",12
"C3_Plate73","Female","73","C",3,"Old",12
"C4_Plate73","Female","73","C",4,"Old",12
"C5_Plate73","Female","73","C",5,"Young",13
"C6_Plate73","Female","73","C",6,"Young",13
"C7_Plate73","Female","73","C",7,"Old",13
"C8_Plate73","Female","73","C",8,"Old",13
"C9_Plate73","Female","73","C",9,"Young",NA
"C10_Plate73","Female","73","C",10,"Young",NA
"C11_Plate73","Female","73","C",11,"Young",NA
"C12_Plate73","Female","73","C",12,"Young",NA
"D1_Plate73","Female","73","D",1,"Young",12
"D2_Plate73","Female","73","D",2,"Young",12
"D3_Plate73","Female","73","D",3,"Old",12
"D4_Plate73","Female","73","D",4,"Old",12
"D5_Plate73","Female","73","D",5,"Young",13
"D6_Plate73","Female","73","D",6,"Young",13
"D7_Plate73","Female","73","D",7,"Old",13
"D8_Plate73","Female","73","D",8,"Old",13
"D9_Plate73","Female","73","D",9,"Young",NA
"D10_Plate73","Female","73","D",10,"Young",NA
"D11_Plate73","Female","73","D",11,"Young",NA
"D12_Plate73","Female","73","D",12,"Young",NA
"E1_Plate73","Male","73","E",1,"Young",12
"E2_Plate73","Male","73","E",2,"Young",12
"E3_Plate73","Male","73","E",3,"Old",12
"E4_Plate73","Male","73","E",4,"Old",12
"E5_Plate73","Male","73","E",5,"Young",13
"E6_Plate73","Male","73","E",6,"Young",13
"E7_Plate73","Male","73","E",7,"Old",13
"E8_Plate73","Male","73","E",8,"Old",13
"E9_Plate73","Male","73","E",9,"Young",NA
"E10_Plate73","Male","73","E",10,"Young",NA
"E11_Plate73","Male","73","E",11,"Young",NA
"E12_Plate73","Male","73","E",12,"Young",NA
"F1_Plate73","Male","73","F",1,"Young",12
"F2_Plate73","Male","73","F",2,"Young",12
"F3_Plate73","Male","73","F",3,"Old",12
"F4_Plate73","Male","73","F",4,"Old",12
"F5_Plate73","Male","73","F",5,"Young",13
"F6_Plate73","Male","73","F",6,"Young",13
"F7_Plate73","Male","73","F",7,"Old",13
"F8_Plate73","Male","73","F",8,"Old",13
"F9_Plate73","Male","73","F",9,"Young",NA
"F10_Plate73","Male","73","F",10,"Young",NA
"F11_Plate73","Male","73","F",11,"Young",NA
"F12_Plate73","Male","73","F",12,"Young",NA
"G1_Plate73","Male","73","G",1,"Young",12
"G2_Plate73","Male","73","G",2,"Young",12
"G3_Plate73","Male","73","G",3,"Old",12
"G4_Plate73","Male","73","G",4,"Old",12
"G5_Plate73","Male","73","G",5,"Young",13
"G6_Plate73","Male","73","G",6,"Young",13
"G7_Plate73","Male","73","G",7,"Old",13
"G8_Plate73","Male","73","G",8,"Old",13
"G9_Plate73","Male","73","G",9,"Young",NA
"G10_Plate73","Male","73","G",10,"Young",NA
"G11_Plate73","Male","73","G",11,"Young",NA
"G12_Plate73","Male","73","G",12,"Young",NA
"H1_Plate73","Male","73","H",1,"Young",12
"H2_Plate73","Male","73","H",2,"Young",12
"H3_Plate73","Male","73","H",3,"Old",12
"H4_Plate73","Male","73","H",4,"Old",12
"H5_Plate73","Male","73","H",5,"Young",13
"H6_Plate73","Male","73","H",6,"Young",13
"H7_Plate73","Male","73","H",7,"Old",13
"H8_Plate73","Male","73","H",8,"Old",13
"H9_Plate73","Male","73","H",9,"Young",NA
"H10_Plate73","Male","73","H",10,"Young",NA
"H11_Plate73","Male","73","H",11,"Young",NA
"H12_Plate73","Male","73","H",12,"Young",NA
"A1_Plate70","Female","70","A",1,"Young",12
"A2_Plate70","Female","70","A",2,"Young",12
"A3_Plate70","Female","70","A",3,"Old",12
"A4_Plate70","Female","70","A",4,"Old",12
"A5_Plate70","Female","70","A",5,"Young",13
"A6_Plate70","Female","70","A",6,"Young",13
"A7_Plate70","Female","70","A",7,"Old",13
"A8_Plate70","Female","70","A",8,"Old",13
"A9_Plate70","Female","70","A",9,"Young",NA
"A10_Plate70","Female","70","A",10,"Young",NA
"A11_Plate70","Female","70","A",11,"Young",NA
"A12_Plate70","Female","70","A",12,"Young",NA
"B1_Plate70","Female","70","B",1,"Young",12
"B2_Plate70","Female","70","B",2,"Young",12
"B3_Plate70","Female","70","B",3,"Old",12
"B4_Plate70","Female","70","B",4,"Old",12
"B5_Plate70","Female","70","B",5,"Young",13
"B6_Plate70","Female","70","B",6,"Young",13
"B7_Plate70","Female","70","B",7,"Old",13
"B8_Plate70","Female","70","B",8,"Old",13
"B9_Plate70","Female","70","B",9,"Young",NA
"B10_Plate70","Female","70","B",10,"Young",NA
"B11_Plate70","Female","70","B",11,"Young",NA
"B12_Plate70","Female","70","B",12,"Young",NA
"C1_Plate70","Female","70","C",1,"Young",12
"C2_Plate70","Female","70","C",2,"Young",12
"C3_Plate70","Female","70","C",3,"Old",12
"C4_Plate70","Female","70","C",4,"Old",12
"C5_Plate70","Female","70","C",5,"Young",13
"C6_Plate70","Female","70","C",6,"Young",13
"C7_Plate70","Female","70","C",7,"Old",13
"C8_Plate70","Female","70","C",8,"Old",13
"C9_Plate70","Female","70","C",9,"Young",NA
"C10_Plate70","Female","70","C",10,"Young",NA
"C11_Plate70","Female","70","C",11,"Young",NA
"C12_Plate70","Female","70","C",12,"Young",NA
"D1_Plate70","Female","70","D",1,"Young",12
"D2_Plate70","Female","70","D",2,"Young",12
"D3_Plate70","Female","70","D",3,"Old",12
"D4_Plate70","Female","70","D",4,"Old",12
"D5_Plate70","Female","70","D",5,"Young",13
"D6_Plate70","Female","70","D",6,"Young",13
"D7_Plate70","Female","70","D",7,"Old",13
"D8_Plate70","Female","70","D",8,"Old",13
"D9_Plate70","Female","70","D",9,"Young",NA
"D10_Plate70","Female","70","D",10,"Young",NA
"D11_Plate70","Female","70","D",11,"Young",NA
"D12_Plate70","Female","70","D",12,"Young",NA
"E1_Plate70","Male","70","E",1,"Young",12
"E2_Plate70","Male","70","E",2,"Young",12
"E3_Plate70","Male","70","E",3,"Old",12
"E4_Plate70","Male","70","E",4,"Old",12
"E5_Plate70","Male","70","E",5,"Young",13
"E6_Plate70","Male","70","E",6,"Young",13
"E7_Plate70","Male","70","E",7,"Old",13
"E8_Plate70","Male","70","E",8,"Old",13
"E9_Plate70","Male","70","E",9,"Young",NA
"E10_Plate70","Male","70","E",10,"Young",NA
"E11_Plate70","Male","70","E",11,"Young",NA
"E12_Plate70","Male","70","E",12,"Young",NA
"F1_Plate70","Male","70","F",1,"Young",12
"F2_Plate70","Male","70","F",2,"Young",12
"F3_Plate70","Male","70","F",3,"Old",12
"F4_Plate70","Male","70","F",4,"Old",12
"F5_Plate70","Male","70","F",5,"Young",13
"F6_Plate70","Male","70","F",6,"Young",13
"F7_Plate70","Male","70","F",7,"Old",13
"F8_Plate70","Male","70","F",8,"Old",13
"F9_Plate70","Male","70","F",9,"Young",NA
"F10_Plate70","Male","70","F",10,"Young",NA
"F11_Plate70","Male","70","F",11,"Young",NA
"F12_Plate70","Male","70","F",12,"Young",NA
"G1_Plate70","Male","70","G",1,"Young",12
"G2_Plate70","Male","70","G",2,"Young",12
"G3_Plate70","Male","70","G",3,"Old",12
"G4_Plate70","Male","70","G",4,"Old",12
"G5_Plate70","Male","70","G",5,"Young",13
"G6_Plate70","Male","70","G",6,"Young",13
"G7_Plate70","Male","70","G",7,"Old",13
"G8_Plate70","Male","70","G",8,"Old",13
"G9_Plate70","Male","70","G",9,"Young",NA
"G10_Plate70","Male","70","G",10,"Young",NA
"G11_Plate70","Male","70","G",11,"Young",NA
"G12_Plate70","Male","70","G",12,"Young",NA
"H1_Plate70","Male","70","H",1,"Young",12
"H2_Plate70","Male","70","H",2,"Young",12
"H3_Plate70","Male","70","H",3,"Old",12
"H4_Plate70","Male","70","H",4,"Old",12
"H5_Plate70","Male","70","H",5,"Young",13
"H6_Plate70","Male","70","H",6,"Young",13
"H7_Plate70","Male","70","H",7,"Old",13
"H8_Plate70","Male","70","H",8,"Old",13
"H9_Plate70","Male","70","H",9,"Young",NA
"H10_Plate70","Male","70","H",10,"Young",NA
"H11_Plate70","Male","70","H",11,"Young",NA
"H12_Plate70","Male","70","H",12,"Young",NA
"A1_Plate71","Female","71","A",1,"Young",12
"A2_Plate71","Female","71","A",2,"Young",12
"A3_Plate71","Female","71","A",3,"Old",12
"A4_Plate71","Female","71","A",4,"Old",12
"A5_Plate71","Female","71","A",5,"Young",13
"A6_Plate71","Female","71","A",6,"Young",13
"A7_Plate71","Female","71","A",7,"Old",13
"A8_Plate71","Female","71","A",8,"Old",13
"A9_Plate71","Female","71","A",9,"Young",NA
"A10_Plate71","Female","71","A",10,"Young",NA
"A11_Plate71","Female","71","A",11,"Young",NA
"A12_Plate71","Female","71","A",12,"Young",NA
"B1_Plate71","Female","71","B",1,"Young",12
"B2_Plate71","Female","71","B",2,"Young",12
"B3_Plate71","Female","71","B",3,"Old",12
"B4_Plate71","Female","71","B",4,"Old",12
"B5_Plate71","Female","71","B",5,"Young",13
"B6_Plate71","Female","71","B",6,"Young",13
"B7_Plate71","Female","71","B",7,"Old",13
"B8_Plate71","Female","71","B",8,"Old",13
"B9_Plate71","Female","71","B",9,"Young",NA
"B10_Plate71","Female","71","B",10,"Young",NA
"B11_Plate71","Female","71","B",11,"Young",NA
"B12_Plate71","Female","71","B",12,"Young",NA
"C1_Plate71","Female","71","C",1,"Young",12
"C2_Plate71","Female","71","C",2,"Young",12
"C3_Plate71","Female","71","C",3,"Old",12
"C4_Plate71","Female","71","C",4,"Old",12
"C5_Plate71","Female","71","C",5,"Young",13
"C6_Plate71","Female","71","C",6,"Young",13
"C7_Plate71","Female","71","C",7,"Old",13
"C8_Plate71","Female","71","C",8,"Old",13
"C9_Plate71","Female","71","C",9,"Young",NA
"C10_Plate71","Female","71","C",10,"Young",NA
"C11_Plate71","Female","71","C",11,"Young",NA
"C12_Plate71","Female","71","C",12,"Young",NA
"D1_Plate71","Female","71","D",1,"Young",12
"D2_Plate71","Female","71","D",2,"Young",12
"D3_Plate71","Female","71","D",3,"Old",12
"D4_Plate71","Female","71","D",4,"Old",12
"D5_Plate71","Female","71","D",5,"Young",13
"D6_Plate71","Female","71","D",6,"Young",13
"D7_Plate71","Female","71","D",7,"Old",13
"D8_Plate71","Female","71","D",8,"Old",13
"D9_Plate71","Female","71","D",9,"Young",NA
"D10_Plate71","Female","71","D",10,"Young",NA
"D11_Plate71","Female","71","D",11,"Young",NA
"D12_Plate71","Female","71","D",12,"Young",NA
"E1_Plate71","Male","71","E",1,"Young",12
"E2_Plate71","Male","71","E",2,"Young",12
"E3_Plate71","Male","71","E",3,"Old",12
"E4_Plate71","Male","71","E",4,"Old",12
"E5_Plate71","Male","71","E",5,"Young",13
"E6_Plate71","Male","71","E",6,"Young",13
"E7_Plate71","Male","71","E",7,"Old",13
"E8_Plate71","Male","71","E",8,"Old",13
"E9_Plate71","Male","71","E",9,"Young",NA
"E10_Plate71","Male","71","E",10,"Young",NA
"E11_Plate71","Male","71","E",11,"Young",NA
"E12_Plate71","Male","71","E",12,"Young",NA
"F1_Plate71","Male","71","F",1,"Young",12
"F2_Plate71","Male","71","F",2,"Young",12
"F3_Plate71","Male","71","F",3,"Old",12
"F4_Plate71","Male","71","F",4,"Old",12
"F5_Plate71","Male","71","F",5,"Young",13
"F6_Plate71","Male","71","F",6,"Young",13
"F7_Plate71","Male","71","F",7,"Old",13
"F8_Plate71","Male","71","F",8,"Old",13
"F9_Plate71","Male","71","F",9,"Young",NA
"F10_Plate71","Male","71","F",10,"Young",NA
"F11_Plate71","Male","71","F",11,"Young",NA
"F12_Plate71","Male","71","F",12,"Young",NA
"G1_Plate71","Male","71","G",1,"Young",12
"G2_Plate71","Male","71","G",2,"Young",12
"G3_Plate71","Male","71","G",3,"Old",12
"G4_Plate71","Male","71","G",4,"Old",12
"G5_Plate71","Male","71","G",5,"Young",13
"G6_Plate71","Male","71","G",6,"Young",13
"G7_Plate71","Male","71","G",7,"Old",13
"G8_Plate71","Male","71","G",8,"Old",13
"G9_Plate71","Male","71","G",9,"Young",NA
"G10_Plate71","Male","71","G",10,"Young",NA
"G11_Plate71","Male","71","G",11,"Young",NA
"G12_Plate71","Male","71","G",12,"Young",NA
"H1_Plate71","Male","71","H",1,"Young",12
"H2_Plate71","Male","71","H",2,"Young",12
"H3_Plate71","Male","71","H",3,"Old",12
"H4_Plate71","Male","71","H",4,"Old",12
"H5_Plate71","Male","71","H",5,"Young",13
"H6_Plate71","Male","71","H",6,"Young",13
"H7_Plate71","Male","71","H",7,"Old",13
"H8_Plate71","Male","71","H",8,"Old",13
"H9_Plate71","Male","71","H",9,"Young",NA
"H10_Plate71","Male","71","H",10,"Young",NA
"H11_Plate71","Male","71","H",11,"Young",NA
"H12_Plate71","Male","71","H",12,"Young",NA
"A1_Plate76","Female","76","A",1,"Young",14
"A2_Plate76","Female","76","A",2,"Young",14
"A3_Plate76","Female","76","A",3,"Old",14
"A4_Plate76","Female","76","A",4,"Old",14
"A5_Plate76","Female","76","A",5,"Young",15
"A6_Plate76","Female","76","A",6,"Young",15
"A7_Plate76","Female","76","A",7,"Old",15
"A8_Plate76","Female","76","A",8,"Old",15
"A9_Plate76","Female","76","A",9,"Young",16
"A10_Plate76","Female","76","A",10,"Young",16
"A11_Plate76","Female","76","A",11,"Young",16
"A12_Plate76","Female","76","A",12,"Young",16
"B1_Plate76","Female","76","B",1,"Young",14
"B2_Plate76","Female","76","B",2,"Young",14
"B3_Plate76","Female","76","B",3,"Old",14
"B4_Plate76","Female","76","B",4,"Old",14
"B5_Plate76","Female","76","B",5,"Young",15
"B6_Plate76","Female","76","B",6,"Young",15
"B7_Plate76","Female","76","B",7,"Old",15
"B8_Plate76","Female","76","B",8,"Old",15
"B9_Plate76","Female","76","B",9,"Young",16
"B10_Plate76","Female","76","B",10,"Young",16
"B11_Plate76","Female","76","B",11,"Young",16
"B12_Plate76","Female","76","B",12,"Young",16
"C1_Plate76","Female","76","C",1,"Young",14
"C2_Plate76","Female","76","C",2,"Young",14
"C3_Plate76","Female","76","C",3,"Old",14
"C4_Plate76","Female","76","C",4,"Old",14
"C5_Plate76","Female","76","C",5,"Young",15
"C6_Plate76","Female","76","C",6,"Young",15
"C7_Plate76","Female","76","C",7,"Old",15
"C8_Plate76","Female","76","C",8,"Old",15
"C9_Plate76","Female","76","C",9,"Young",16
"C10_Plate76","Female","76","C",10,"Young",16
"C11_Plate76","Female","76","C",11,"Young",16
"C12_Plate76","Female","76","C",12,"Young",16
"D1_Plate76","Female","76","D",1,"Young",14
"D2_Plate76","Female","76","D",2,"Young",14
"D3_Plate76","Female","76","D",3,"Old",14
"D4_Plate76","Female","76","D",4,"Old",14
"D5_Plate76","Female","76","D",5,"Young",15
"D6_Plate76","Female","76","D",6,"Young",15
"D7_Plate76","Female","76","D",7,"Old",15
"D8_Plate76","Female","76","D",8,"Old",15
"D9_Plate76","Female","76","D",9,"Young",16
"D10_Plate76","Female","76","D",10,"Young",16
"D11_Plate76","Female","76","D",11,"Young",16
"D12_Plate76","Female","76","D",12,"Young",16
"E1_Plate76","Male","76","E",1,"Young",14
"E2_Plate76","Male","76","E",2,"Young",14
"E3_Plate76","Male","76","E",3,"Old",14
"E4_Plate76","Male","76","E",4,"Old",14
"E5_Plate76","Male","76","E",5,"Young",15
"E6_Plate76","Male","76","E",6,"Young",15
"E7_Plate76","Male","76","E",7,"Old",15
"E8_Plate76","Male","76","E",8,"Old",15
"E9_Plate76","Male","76","E",9,"Young",16
"E10_Plate76","Male","76","E",10,"Young",16
"E11_Plate76","Male","76","E",11,"Young",16
"E12_Plate76","Male","76","E",12,"Young",16
"F1_Plate76","Male","76","F",1,"Young",14
"F2_Plate76","Male","76","F",2,"Young",14
"F3_Plate76","Male","76","F",3,"Old",14
"F4_Plate76","Male","76","F",4,"Old",14
"F5_Plate76","Male","76","F",5,"Young",15
"F6_Plate76","Male","76","F",6,"Young",15
"F7_Plate76","Male","76","F",7,"Old",15
"F8_Plate76","Male","76","F",8,"Old",15
"F9_Plate76","Male","76","F",9,"Young",16
"F10_Plate76","Male","76","F",10,"Young",16
"F11_Plate76","Male","76","F",11,"Young",16
"F12_Plate76","Male","76","F",12,"Young",16
"G1_Plate76","Male","76","G",1,"Young",14
"G2_Plate76","Male","76","G",2,"Young",14
"G3_Plate76","Male","76","G",3,"Old",14
"G4_Plate76","Male","76","G",4,"Old",14
"G5_Plate76","Male","76","G",5,"Young",15
"G6_Plate76","Male","76","G",6,"Young",15
"G7_Plate76","Male","76","G",7,"Old",15
"G8_Plate76","Male","76","G",8,"Old",15
"G9_Plate76","Male","76","G",9,"Young",16
"G10_Plate76","Male","76","G",10,"Young",16
"G11_Plate76","Male","76","G",11,"Young",16
"G12_Plate76","Male","76","G",12,"Young",16
"H1_Plate76","Male","76","H",1,"Young",14
"H2_Plate76","Male","76","H",2,"Young",14
"H3_Plate76","Male","76","H",3,"Old",14
"H4_Plate76","Male","76","H",4,"Old",14
"H5_Plate76","Male","76","H",5,"Young",15
"H6_Plate76","Male","76","H",6,"Young",15
"H7_Plate76","Male","76","H",7,"Old",15
"H8_Plate76","Male","76","H",8,"Old",15
"H9_Plate76","Male","76","H",9,"Young",16
"H10_Plate76","Male","76","H",10,"Young",16
"H11_Plate76","Male","76","H",11,"Young",16
"H12_Plate76","Male","76","H",12,"Young",16
"A1_Plate77","Female","77","A",1,"Young",14
"A2_Plate77","Female","77","A",2,"Young",14
"A3_Plate77","Female","77","A",3,"Old",14
"A4_Plate77","Female","77","A",4,"Old",14
"A5_Plate77","Female","77","A",5,"Young",15
"A6_Plate77","Female","77","A",6,"Young",15
"A7_Plate77","Female","77","A",7,"Old",15
"A8_Plate77","Female","77","A",8,"Old",15
"A9_Plate77","Female","77","A",9,"Young",16
"A10_Plate77","Female","77","A",10,"Young",16
"A11_Plate77","Female","77","A",11,"Young",16
"A12_Plate77","Female","77","A",12,"Young",16
"B1_Plate77","Female","77","B",1,"Young",14
"B2_Plate77","Female","77","B",2,"Young",14
"B3_Plate77","Female","77","B",3,"Old",14
"B4_Plate77","Female","77","B",4,"Old",14
"B5_Plate77","Female","77","B",5,"Young",15
"B6_Plate77","Female","77","B",6,"Young",15
"B7_Plate77","Female","77","B",7,"Old",15
"B8_Plate77","Female","77","B",8,"Old",15
"B9_Plate77","Female","77","B",9,"Young",16
"B10_Plate77","Female","77","B",10,"Young",16
"B11_Plate77","Female","77","B",11,"Young",16
"B12_Plate77","Female","77","B",12,"Young",16
"C1_Plate77","Female","77","C",1,"Young",14
"C2_Plate77","Female","77","C",2,"Young",14
"C3_Plate77","Female","77","C",3,"Old",14
"C4_Plate77","Female","77","C",4,"Old",14
"C5_Plate77","Female","77","C",5,"Young",15
"C6_Plate77","Female","77","C",6,"Young",15
"C7_Plate77","Female","77","C",7,"Old",15
"C8_Plate77","Female","77","C",8,"Old",15
"C9_Plate77","Female","77","C",9,"Young",16
"C10_Plate77","Female","77","C",10,"Young",16
"C11_Plate77","Female","77","C",11,"Young",16
"C12_Plate77","Female","77","C",12,"Young",16
"D1_Plate77","Female","77","D",1,"Young",14
"D2_Plate77","Female","77","D",2,"Young",14
"D3_Plate77","Female","77","D",3,"Old",14
"D4_Plate77","Female","77","D",4,"Old",14
"D5_Plate77","Female","77","D",5,"Young",15
"D6_Plate77","Female","77","D",6,"Young",15
"D7_Plate77","Female","77","D",7,"Old",15
"D8_Plate77","Female","77","D",8,"Old",15
"D9_Plate77","Female","77","D",9,"Young",16
"D10_Plate77","Female","77","D",10,"Young",16
"D11_Plate77","Female","77","D",11,"Young",16
"D12_Plate77","Female","77","D",12,"Young",16
"E1_Plate77","Male","77","E",1,"Young",14
"E2_Plate77","Male","77","E",2,"Young",14
"E3_Plate77","Male","77","E",3,"Old",14
"E4_Plate77","Male","77","E",4,"Old",14
"E5_Plate77","Male","77","E",5,"Young",15
"E6_Plate77","Male","77","E",6,"Young",15
"E7_Plate77","Male","77","E",7,"Old",15
"E8_Plate77","Male","77","E",8,"Old",15
"E9_Plate77","Male","77","E",9,"Young",16
"E10_Plate77","Male","77","E",10,"Young",16
"E11_Plate77","Male","77","E",11,"Young",16
"E12_Plate77","Male","77","E",12,"Young",16
"F1_Plate77","Male","77","F",1,"Young",14
"F2_Plate77","Male","77","F",2,"Young",14
"F3_Plate77","Male","77","F",3,"Old",14
"F4_Plate77","Male","77","F",4,"Old",14
"F5_Plate77","Male","77","F",5,"Young",15
"F6_Plate77","Male","77","F",6,"Young",15
"F7_Plate77","Male","77","F",7,"Old",15
"F8_Plate77","Male","77","F",8,"Old",15
"F9_Plate77","Male","77","F",9,"Young",16
"F10_Plate77","Male","77","F",10,"Young",16
"F11_Plate77","Male","77","F",11,"Young",16
"F12_Plate77","Male","77","F",12,"Young",16
"G1_Plate77","Male","77","G",1,"Young",14
"G2_Plate77","Male","77","G",2,"Young",14
"G3_Plate77","Male","77","G",3,"Old",14
"G4_Plate77","Male","77","G",4,"Old",14
"G5_Plate77","Male","77","G",5,"Young",15
"G6_Plate77","Male","77","G",6,"Young",15
"G7_Plate77","Male","77","G",7,"Old",15
"G8_Plate77","Male","77","G",8,"Old",15
"G9_Plate77","Male","77","G",9,"Young",16
"G10_Plate77","Male","77","G",10,"Young",16
"G11_Plate77","Male","77","G",11,"Young",16
"G12_Plate77","Male","77","G",12,"Young",16
"H1_Plate77","Male","77","H",1,"Young",14
"H2_Plate77","Male","77","H",2,"Young",14
"H3_Plate77","Male","77","H",3,"Old",14
"H4_Plate77","Male","77","H",4,"Old",14
"H5_Plate77","Male","77","H",5,"Young",15
"H6_Plate77","Male","77","H",6,"Young",15
"H7_Plate77","Male","77","H",7,"Old",15
"H8_Plate77","Male","77","H",8,"Old",15
"H9_Plate77","Male","77","H",9,"Young",16
"H10_Plate77","Male","77","H",10,"Young",16
"H11_Plate77","Male","77","H",11,"Young",16
"H12_Plate77","Male","77","H",12,"Young",16
"A1_Plate74","Female","74","A",1,"Young",14
"A2_Plate74","Female","74","A",2,"Young",14
"A3_Plate74","Female","74","A",3,"Old",14
"A4_Plate74","Female","74","A",4,"Old",14
"A5_Plate74","Female","74","A",5,"Young",15
"A6_Plate74","Female","74","A",6,"Young",15
"A7_Plate74","Female","74","A",7,"Old",15
"A8_Plate74","Female","74","A",8,"Old",15
"A9_Plate74","Female","74","A",9,"Young",16
"A10_Plate74","Female","74","A",10,"Young",16
"A11_Plate74","Female","74","A",11,"Young",16
"A12_Plate74","Female","74","A",12,"Young",16
"B1_Plate74","Female","74","B",1,"Young",14
"B2_Plate74","Female","74","B",2,"Young",14
"B3_Plate74","Female","74","B",3,"Old",14
"B4_Plate74","Female","74","B",4,"Old",14
"B5_Plate74","Female","74","B",5,"Young",15
"B6_Plate74","Female","74","B",6,"Young",15
"B7_Plate74","Female","74","B",7,"Old",15
"B8_Plate74","Female","74","B",8,"Old",15
"B9_Plate74","Female","74","B",9,"Young",16
"B10_Plate74","Female","74","B",10,"Young",16
"B11_Plate74","Female","74","B",11,"Young",16
"B12_Plate74","Female","74","B",12,"Young",16
"C1_Plate74","Female","74","C",1,"Young",14
"C2_Plate74","Female","74","C",2,"Young",14
"C3_Plate74","Female","74","C",3,"Old",14
"C4_Plate74","Female","74","C",4,"Old",14
"C5_Plate74","Female","74","C",5,"Young",15
"C6_Plate74","Female","74","C",6,"Young",15
"C7_Plate74","Female","74","C",7,"Old",15
"C8_Plate74","Female","74","C",8,"Old",15
"C9_Plate74","Female","74","C",9,"Young",16
"C10_Plate74","Female","74","C",10,"Young",16
"C11_Plate74","Female","74","C",11,"Young",16
"C12_Plate74","Female","74","C",12,"Young",16
"D1_Plate74","Female","74","D",1,"Young",14
"D2_Plate74","Female","74","D",2,"Young",14
"D3_Plate74","Female","74","D",3,"Old",14
"D4_Plate74","Female","74","D",4,"Old",14
"D5_Plate74","Female","74","D",5,"Young",15
"D6_Plate74","Female","74","D",6,"Young",15
"D7_Plate74","Female","74","D",7,"Old",15
"D8_Plate74","Female","74","D",8,"Old",15
"D9_Plate74","Female","74","D",9,"Young",16
"D10_Plate74","Female","74","D",10,"Young",16
"D11_Plate74","Female","74","D",11,"Young",16
"D12_Plate74","Female","74","D",12,"Young",16
"E1_Plate74","Male","74","E",1,"Young",14
"E2_Plate74","Male","74","E",2,"Young",14
"E3_Plate74","Male","74","E",3,"Old",14
"E4_Plate74","Male","74","E",4,"Old",14
"E5_Plate74","Male","74","E",5,"Young",15
"E6_Plate74","Male","74","E",6,"Young",15
"E7_Plate74","Male","74","E",7,"Old",15
"E8_Plate74","Male","74","E",8,"Old",15
"E9_Plate74","Male","74","E",9,"Young",16
"E10_Plate74","Male","74","E",10,"Young",16
"E11_Plate74","Male","74","E",11,"Young",16
"E12_Plate74","Male","74","E",12,"Young",16
"F1_Plate74","Male","74","F",1,"Young",14
"F2_Plate74","Male","74","F",2,"Young",14
"F3_Plate74","Male","74","F",3,"Old",14
"F4_Plate74","Male","74","F",4,"Old",14
"F5_Plate74","Male","74","F",5,"Young",15
"F6_Plate74","Male","74","F",6,"Young",15
"F7_Plate74","Male","74","F",7,"Old",15
"F8_Plate74","Male","74","F",8,"Old",15
"F9_Plate74","Male","74","F",9,"Young",16
"F10_Plate74","Male","74","F",10,"Young",16
"F11_Plate74","Male","74","F",11,"Young",16
"F12_Plate74","Male","74","F",12,"Young",16
"G1_Plate74","Male","74","G",1,"Young",14
"G2_Plate74","Male","74","G",2,"Young",14
"G3_Plate74","Male","74","G",3,"Old",14
"G4_Plate74","Male","74","G",4,"Old",14
"G5_Plate74","Male","74","G",5,"Young",15
"G6_Plate74","Male","74","G",6,"Young",15
"G7_Plate74","Male","74","G",7,"Old",15
"G8_Plate74","Male","74","G",8,"Old",15
"G9_Plate74","Male","74","G",9,"Young",16
"G10_Plate74","Male","74","G",10,"Young",16
"G11_Plate74","Male","74","G",11,"Young",16
"G12_Plate74","Male","74","G",12,"Young",16
"H1_Plate74","Male","74","H",1,"Young",14
"H2_Plate74","Male","74","H",2,"Young",14
"H3_Plate74","Male","74","H",3,"Old",14
"H4_Plate74","Male","74","H",4,"Old",14
"H5_Plate74","Male","74","H",5,"Young",15
"H6_Plate74","Male","74","H",6,"Young",15
"H7_Plate74","Male","74","H",7,"Old",15
"H8_Plate74","Male","74","H",8,"Old",15
"H9_Plate74","Male","74","H",9,"Young",16
"H10_Plate74","Male","74","H",10,"Young",16
"H11_Plate74","Male","74","H",11,"Young",16
"H12_Plate74","Male","74","H",12,"Young",16
"A1_Plate75","Female","75","A",1,"Young",14
"A2_Plate75","Female","75","A",2,"Young",14
"A3_Plate75","Female","75","A",3,"Old",14
"A4_Plate75","Female","75","A",4,"Old",14
"A5_Plate75","Female","75","A",5,"Young",15
"A6_Plate75","Female","75","A",6,"Young",15
"A7_Plate75","Female","75","A",7,"Old",15
"A8_Plate75","Female","75","A",8,"Old",15
"A9_Plate75","Female","75","A",9,"Young",16
"A10_Plate75","Female","75","A",10,"Young",16
"A11_Plate75","Female","75","A",11,"Young",16
"A12_Plate75","Female","75","A",12,"Young",16
"B1_Plate75","Female","75","B",1,"Young",14
"B2_Plate75","Female","75","B",2,"Young",14
"B3_Plate75","Female","75","B",3,"Old",14
"B4_Plate75","Female","75","B",4,"Old",14
"B5_Plate75","Female","75","B",5,"Young",15
"B6_Plate75","Female","75","B",6,"Young",15
"B7_Plate75","Female","75","B",7,"Old",15
"B8_Plate75","Female","75","B",8,"Old",15
"B9_Plate75","Female","75","B",9,"Young",16
"B10_Plate75","Female","75","B",10,"Young",16
"B11_Plate75","Female","75","B",11,"Young",16
"B12_Plate75","Female","75","B",12,"Young",16
"C1_Plate75","Female","75","C",1,"Young",14
"C2_Plate75","Female","75","C",2,"Young",14
"C3_Plate75","Female","75","C",3,"Old",14
"C4_Plate75","Female","75","C",4,"Old",14
"C5_Plate75","Female","75","C",5,"Young",15
"C6_Plate75","Female","75","C",6,"Young",15
"C7_Plate75","Female","75","C",7,"Old",15
"C8_Plate75","Female","75","C",8,"Old",15
"C9_Plate75","Female","75","C",9,"Young",16
"C10_Plate75","Female","75","C",10,"Young",16
"C11_Plate75","Female","75","C",11,"Young",16
"C12_Plate75","Female","75","C",12,"Young",16
"D1_Plate75","Female","75","D",1,"Young",14
"D2_Plate75","Female","75","D",2,"Young",14
"D3_Plate75","Female","75","D",3,"Old",14
"D4_Plate75","Female","75","D",4,"Old",14
"D5_Plate75","Female","75","D",5,"Young",15
"D6_Plate75","Female","75","D",6,"Young",15
"D7_Plate75","Female","75","D",7,"Old",15
"D8_Plate75","Female","75","D",8,"Old",15
"D9_Plate75","Female","75","D",9,"Young",16
"D10_Plate75","Female","75","D",10,"Young",16
"D11_Plate75","Female","75","D",11,"Young",16
"D12_Plate75","Female","75","D",12,"Young",16
"E1_Plate75","Male","75","E",1,"Young",14
"E2_Plate75","Male","75","E",2,"Young",14
"E3_Plate75","Male","75","E",3,"Old",14
"E4_Plate75","Male","75","E",4,"Old",14
"E5_Plate75","Male","75","E",5,"Young",15
"E6_Plate75","Male","75","E",6,"Young",15
"E7_Plate75","Male","75","E",7,"Old",15
"E8_Plate75","Male","75","E",8,"Old",15
"E9_Plate75","Male","75","E",9,"Young",16
"E10_Plate75","Male","75","E",10,"Young",16
"E11_Plate75","Male","75","E",11,"Young",16
"E12_Plate75","Male","75","E",12,"Young",16
"F1_Plate75","Male","75","F",1,"Young",14
"F2_Plate75","Male","75","F",2,"Young",14
"F3_Plate75","Male","75","F",3,"Old",14
"F4_Plate75","Male","75","F",4,"Old",14
"F5_Plate75","Male","75","F",5,"Young",15
"F6_Plate75","Male","75","F",6,"Young",15
"F7_Plate75","Male","75","F",7,"Old",15
"F8_Plate75","Male","75","F",8,"Old",15
"F9_Plate75","Male","75","F",9,"Young",16
"F10_Plate75","Male","75","F",10,"Young",16
"F11_Plate75","Male","75","F",11,"Young",16
"F12_Plate75","Male","75","F",12,"Young",16
"G1_Plate75","Male","75","G",1,"Young",14
"G2_Plate75","Male","75","G",2,"Young",14
"G3_Plate75","Male","75","G",3,"Old",14
"G4_Plate75","Male","75","G",4,"Old",14
"G5_Plate75","Male","75","G",5,"Young",15
"G6_Plate75","Male","75","G",6,"Young",15
"G7_Plate75","Male","75","G",7,"Old",15
"G8_Plate75","Male","75","G",8,"Old",15
"G9_Plate75","Male","75","G",9,"Young",16
"G10_Plate75","Male","75","G",10,"Young",16
"G11_Plate75","Male","75","G",11,"Young",16
"G12_Plate75","Male","75","G",12,"Young",16
"H1_Plate75","Male","75","H",1,"Young",14
"H2_Plate75","Male","75","H",2,"Young",14
"H3_Plate75","Male","75","H",3,"Old",14
"H4_Plate75","Male","75","H",4,"Old",14
"H5_Plate75","Male","75","H",5,"Young",15
"H6_Plate75","Male","75","H",6,"Young",15
"H7_Plate75","Male","75","H",7,"Old",15
"H8_Plate75","Male","75","H",8,"Old",15
"H9_Plate75","Male","75","H",9,"Young",16
"H10_Plate75","Male","75","H",10,"Young",16
"H11_Plate75","Male","75","H",11,"Young",16
"H12_Plate75","Male","75","H",12,"Young",16
"A1_Plate80","Female","80","A",1,"Young",24
"A2_Plate80","Female","80","A",2,"Young",24
"A3_Plate80","Female","80","A",3,"Old",24
"A4_Plate80","Female","80","A",4,"Old",24
"A5_Plate80","Female","80","A",5,"Young",48
"A6_Plate80","Female","80","A",6,"Young",48
"A7_Plate80","Female","80","A",7,"Old",48
"A8_Plate80","Female","80","A",8,"Old",24
"A9_Plate80","Female","80","A",9,"Young",24
"A10_Plate80","Female","80","A",10,"Young",24
"A11_Plate80","Female","80","A",11,"Young",24
"A12_Plate80","Female","80","A",12,"Young",48
"B1_Plate80","Female","80","B",1,"Young",24
"B2_Plate80","Female","80","B",2,"Young",24
"B3_Plate80","Female","80","B",3,"Old",24
"B4_Plate80","Female","80","B",4,"Old",24
"B5_Plate80","Female","80","B",5,"Young",48
"B6_Plate80","Female","80","B",6,"Young",48
"B7_Plate80","Female","80","B",7,"Old",48
"B8_Plate80","Female","80","B",8,"Old",24
"B9_Plate80","Female","80","B",9,"Young",24
"B10_Plate80","Female","80","B",10,"Young",24
"B11_Plate80","Female","80","B",11,"Young",24
"B12_Plate80","Female","80","B",12,"Young",48
"C1_Plate80","Female","80","C",1,"Young",24
"C2_Plate80","Female","80","C",2,"Young",24
"C3_Plate80","Female","80","C",3,"Old",24
"C4_Plate80","Female","80","C",4,"Old",24
"C5_Plate80","Female","80","C",5,"Young",48
"C6_Plate80","Female","80","C",6,"Young",48
"C7_Plate80","Female","80","C",7,"Old",48
"C8_Plate80","Female","80","C",8,"Old",24
"C9_Plate80","Female","80","C",9,"Young",24
"C10_Plate80","Female","80","C",10,"Young",24
"C11_Plate80","Female","80","C",11,"Young",24
"C12_Plate80","Female","80","C",12,"Young",48
"D1_Plate80","Female","80","D",1,"Young",24
"D2_Plate80","Female","80","D",2,"Young",24
"D3_Plate80","Female","80","D",3,"Old",24
"D4_Plate80","Female","80","D",4,"Old",24
"D5_Plate80","Female","80","D",5,"Young",48
"D6_Plate80","Female","80","D",6,"Young",48
"D7_Plate80","Female","80","D",7,"Old",48
"D8_Plate80","Female","80","D",8,"Old",24
"D9_Plate80","Female","80","D",9,"Young",24
"D10_Plate80","Female","80","D",10,"Young",24
"D11_Plate80","Female","80","D",11,"Young",24
"D12_Plate80","Female","80","D",12,"Young",48
"E1_Plate80","Male","80","E",1,"Young",24
"E2_Plate80","Male","80","E",2,"Young",24
"E3_Plate80","Male","80","E",3,"Old",24
"E4_Plate80","Male","80","E",4,"Old",24
"E5_Plate80","Female","80","E",5,"Young",48
"E6_Plate80","Female","80","E",6,"Young",48
"E7_Plate80","Female","80","E",7,"Old",48
"E8_Plate80","Male","80","E",8,"Old",24
"E9_Plate80","Male","80","E",9,"Young",24
"E10_Plate80","Male","80","E",10,"Young",24
"E11_Plate80","Male","80","E",11,"Young",24
"E12_Plate80","Female","80","E",12,"Young",48
"F1_Plate80","Male","80","F",1,"Young",24
"F2_Plate80","Male","80","F",2,"Young",24
"F3_Plate80","Male","80","F",3,"Old",24
"F4_Plate80","Male","80","F",4,"Old",24
"F5_Plate80","Male","80","F",5,"Young",48
"F6_Plate80","Male","80","F",6,"Young",48
"F7_Plate80","Male","80","F",7,"Old",48
"F8_Plate80","Male","80","F",8,"Old",24
"F9_Plate80","Male","80","F",9,"Young",24
"F10_Plate80","Male","80","F",10,"Young",24
"F11_Plate80","Male","80","F",11,"Young",24
"F12_Plate80","Male","80","F",12,"Young",48
"G1_Plate80","Male","80","G",1,"Young",24
"G2_Plate80","Male","80","G",2,"Young",24
"G3_Plate80","Male","80","G",3,"Old",24
"G4_Plate80","Male","80","G",4,"Old",24
"G5_Plate80","Male","80","G",5,"Young",48
"G6_Plate80","Male","80","G",6,"Young",48
"G7_Plate80","Male","80","G",7,"Old",48
"G8_Plate80","Male","80","G",8,"Old",24
"G9_Plate80","Male","80","G",9,"Young",24
"G10_Plate80","Male","80","G",10,"Young",24
"G11_Plate80","Male","80","G",11,"Young",24
"G12_Plate80","Male","80","G",12,"Young",48
"H1_Plate80","Male","80","H",1,"Young",24
"H2_Plate80","Male","80","H",2,"Young",24
"H3_Plate80","Male","80","H",3,"Old",24
"H4_Plate80","Male","80","H",4,"Old",24
"H5_Plate80","Male","80","H",5,"Young",48
"H6_Plate80","Male","80","H",6,"Young",48
"H7_Plate80","Male","80","H",7,"Old",48
"H8_Plate80","Male","80","H",8,"Old",24
"H9_Plate80","Male","80","H",9,"Young",24
"H10_Plate80","Male","80","H",10,"Young",24
"H11_Plate80","Male","80","H",11,"Young",24
"H12_Plate80","Male","80","H",12,"Young",48
"A1_Plate79","Female","79","A",1,"Young",24
"A2_Plate79","Female","79","A",2,"Young",24
"A3_Plate79","Female","79","A",3,"Old",24
"A4_Plate79","Female","79","A",4,"Old",24
"A5_Plate79","Female","79","A",5,"Young",48
"A6_Plate79","Female","79","A",6,"Young",48
"A7_Plate79","Female","79","A",7,"Old",48
"A8_Plate79","Female","79","A",8,"Old",24
"A9_Plate79","Female","79","A",9,"Young",24
"A10_Plate79","Female","79","A",10,"Young",24
"A11_Plate79","Female","79","A",11,"Young",24
"A12_Plate79","Female","79","A",12,"Young",48
"B1_Plate79","Female","79","B",1,"Young",24
"B2_Plate79","Female","79","B",2,"Young",24
"B3_Plate79","Female","79","B",3,"Old",24
"B4_Plate79","Female","79","B",4,"Old",24
"B5_Plate79","Female","79","B",5,"Young",48
"B6_Plate79","Female","79","B",6,"Young",48
"B7_Plate79","Female","79","B",7,"Old",48
"B8_Plate79","Female","79","B",8,"Old",24
"B9_Plate79","Female","79","B",9,"Young",24
"B10_Plate79","Female","79","B",10,"Young",24
"B11_Plate79","Female","79","B",11,"Young",24
"B12_Plate79","Female","79","B",12,"Young",48
"C1_Plate79","Female","79","C",1,"Young",24
"C2_Plate79","Female","79","C",2,"Young",24
"C3_Plate79","Female","79","C",3,"Old",24
"C4_Plate79","Female","79","C",4,"Old",24
"C5_Plate79","Female","79","C",5,"Young",48
"C6_Plate79","Female","79","C",6,"Young",48
"C7_Plate79","Female","79","C",7,"Old",48
"C8_Plate79","Female","79","C",8,"Old",24
"C9_Plate79","Female","79","C",9,"Young",24
"C10_Plate79","Female","79","C",10,"Young",24
"C11_Plate79","Female","79","C",11,"Young",24
"C12_Plate79","Female","79","C",12,"Young",48
"D1_Plate79","Female","79","D",1,"Young",24
"D2_Plate79","Female","79","D",2,"Young",24
"D3_Plate79","Female","79","D",3,"Old",24
"D4_Plate79","Female","79","D",4,"Old",24
"D5_Plate79","Female","79","D",5,"Young",48
"D6_Plate79","Female","79","D",6,"Young",48
"D7_Plate79","Female","79","D",7,"Old",48
"D8_Plate79","Female","79","D",8,"Old",24
"D9_Plate79","Female","79","D",9,"Young",24
"D10_Plate79","Female","79","D",10,"Young",24
"D11_Plate79","Female","79","D",11,"Young",24
"D12_Plate79","Female","79","D",12,"Young",48
"E1_Plate79","Male","79","E",1,"Young",24
"E2_Plate79","Male","79","E",2,"Young",24
"E3_Plate79","Male","79","E",3,"Old",24
"E4_Plate79","Male","79","E",4,"Old",24
"E5_Plate79","Female","79","E",5,"Young",48
"E6_Plate79","Female","79","E",6,"Young",48
"E7_Plate79","Female","79","E",7,"Old",48
"E8_Plate79","Male","79","E",8,"Old",24
"E9_Plate79","Male","79","E",9,"Young",24
"E10_Plate79","Male","79","E",10,"Young",24
"E11_Plate79","Male","79","E",11,"Young",24
"E12_Plate79","Female","79","E",12,"Young",48
"F1_Plate79","Male","79","F",1,"Young",24
"F2_Plate79","Male","79","F",2,"Young",24
"F3_Plate79","Male","79","F",3,"Old",24
"F4_Plate79","Male","79","F",4,"Old",24
"F5_Plate79","Male","79","F",5,"Young",48
"F6_Plate79","Male","79","F",6,"Young",48
"F7_Plate79","Male","79","F",7,"Old",48
"F8_Plate79","Male","79","F",8,"Old",24
"F9_Plate79","Male","79","F",9,"Young",24
"F10_Plate79","Male","79","F",10,"Young",24
"F11_Plate79","Male","79","F",11,"Young",24
"F12_Plate79","Male","79","F",12,"Young",48
"G1_Plate79","Male","79","G",1,"Young",24
"G2_Plate79","Male","79","G",2,"Young",24
"G3_Plate79","Male","79","G",3,"Old",24
"G4_Plate79","Male","79","G",4,"Old",24
"G5_Plate79","Male","79","G",5,"Young",48
"G6_Plate79","Male","79","G",6,"Young",48
"G7_Plate79","Male","79","G",7,"Old",48
"G8_Plate79","Male","79","G",8,"Old",24
"G9_Plate79","Male","79","G",9,"Young",24
"G10_Plate79","Male","79","G",10,"Young",24
"G11_Plate79","Male","79","G",11,"Young",24
"G12_Plate79","Male","79","G",12,"Young",48
"H1_Plate79","Male","79","H",1,"Young",24
"H2_Plate79","Male","79","H",2,"Young",24
"H3_Plate79","Male","79","H",3,"Old",24
"H4_Plate79","Male","79","H",4,"Old",24
"H5_Plate79","Male","79","H",5,"Young",48
"H6_Plate79","Male","79","H",6,"Young",48
"H7_Plate79","Male","79","H",7,"Old",48
"H8_Plate79","Male","79","H",8,"Old",24
"H9_Plate79","Male","79","H",9,"Young",24
"H10_Plate79","Male","79","H",10,"Young",24
"H11_Plate79","Male","79","H",11,"Young",24
"H12_Plate79","Male","79","H",12,"Young",48
"A1_Plate29","Female","29","A",1,"Young",4
"A2_Plate29","Female","29","A",2,"Young",4
"A3_Plate29","Female","29","A",3,"Old",4
"A4_Plate29","Female","29","A",4,"Old",4
"A5_Plate29","Female","29","A",5,"Young",5
"A6_Plate29","Female","29","A",6,"Young",5
"A7_Plate29","Female","29","A",7,"Old",5
"A8_Plate29","Female","29","A",8,"Old",5
"A9_Plate29","Female","29","A",9,"Young",6
"A10_Plate29","Female","29","A",10,"Young",6
"A11_Plate29","Female","29","A",11,"Young",6
"A12_Plate29","Female","29","A",12,"Young",6
"B1_Plate29","Female","29","B",1,"Young",4
"B2_Plate29","Female","29","B",2,"Young",4
"B3_Plate29","Female","29","B",3,"Old",4
"B4_Plate29","Female","29","B",4,"Old",4
"B5_Plate29","Female","29","B",5,"Young",5
"B6_Plate29","Female","29","B",6,"Young",5
"B7_Plate29","Female","29","B",7,"Old",5
"B8_Plate29","Female","29","B",8,"Old",5
"B9_Plate29","Female","29","B",9,"Young",6
"B10_Plate29","Female","29","B",10,"Young",6
"B11_Plate29","Female","29","B",11,"Young",6
"B12_Plate29","Female","29","B",12,"Young",6
"C1_Plate29","Female","29","C",1,"Young",4
"C2_Plate29","Female","29","C",2,"Young",4
"C3_Plate29","Female","29","C",3,"Old",4
"C4_Plate29","Female","29","C",4,"Old",4
"C5_Plate29","Female","29","C",5,"Young",5
"C6_Plate29","Female","29","C",6,"Young",5
"C7_Plate29","Female","29","C",7,"Old",5
"C8_Plate29","Female","29","C",8,"Old",5
"C9_Plate29","Female","29","C",9,"Young",6
"C10_Plate29","Female","29","C",10,"Young",6
"C11_Plate29","Female","29","C",11,"Young",6
"C12_Plate29","Female","29","C",12,"Young",6
"D1_Plate29","Female","29","D",1,"Young",4
"D2_Plate29","Female","29","D",2,"Young",4
"D3_Plate29","Female","29","D",3,"Old",4
"D4_Plate29","Female","29","D",4,"Old",4
"D5_Plate29","Female","29","D",5,"Young",5
"D6_Plate29","Female","29","D",6,"Young",5
"D7_Plate29","Female","29","D",7,"Old",5
"D8_Plate29","Female","29","D",8,"Old",5
"D9_Plate29","Female","29","D",9,"Young",6
"D10_Plate29","Female","29","D",10,"Young",6
"D11_Plate29","Female","29","D",11,"Young",6
"D12_Plate29","Female","29","D",12,"Young",6
"E1_Plate29","Male","29","E",1,"Young",4
"E2_Plate29","Male","29","E",2,"Young",4
"E3_Plate29","Male","29","E",3,"Old",4
"E4_Plate29","Male","29","E",4,"Old",4
"E5_Plate29","Male","29","E",5,"Young",5
"E6_Plate29","Male","29","E",6,"Young",5
"E7_Plate29","Male","29","E",7,"Old",5
"E8_Plate29","Male","29","E",8,"Old",5
"E9_Plate29","Male","29","E",9,"Young",6
"E10_Plate29","Male","29","E",10,"Young",6
"E11_Plate29","Male","29","E",11,"Young",6
"E12_Plate29","Male","29","E",12,"Young",6
"F1_Plate29","Male","29","F",1,"Young",4
"F2_Plate29","Male","29","F",2,"Young",4
"F3_Plate29","Male","29","F",3,"Old",4
"F4_Plate29","Male","29","F",4,"Old",4
"F5_Plate29","Male","29","F",5,"Young",5
"F6_Plate29","Male","29","F",6,"Young",5
"F7_Plate29","Male","29","F",7,"Old",5
"F8_Plate29","Male","29","F",8,"Old",5
"F9_Plate29","Male","29","F",9,"Young",6
"F10_Plate29","Male","29","F",10,"Young",6
"F11_Plate29","Male","29","F",11,"Young",6
"F12_Plate29","Male","29","F",12,"Young",6
"G1_Plate29","Male","29","G",1,"Young",4
"G2_Plate29","Male","29","G",2,"Young",4
"G3_Plate29","Male","29","G",3,"Old",4
"G4_Plate29","Male","29","G",4,"Old",4
"G5_Plate29","Male","29","G",5,"Young",5
"G6_Plate29","Male","29","G",6,"Young",5
"G7_Plate29","Male","29","G",7,"Old",5
"G8_Plate29","Male","29","G",8,"Old",5
"G9_Plate29","Male","29","G",9,"Young",6
"G10_Plate29","Male","29","G",10,"Young",6
"G11_Plate29","Male","29","G",11,"Young",6
"G12_Plate29","Male","29","G",12,"Young",6
"H1_Plate29","Male","29","H",1,"Young",4
"H2_Plate29","Male","29","H",2,"Young",4
"H3_Plate29","Male","29","H",3,"Old",4
"H4_Plate29","Male","29","H",4,"Old",4
"H5_Plate29","Male","29","H",5,"Young",5
"H6_Plate29","Male","29","H",6,"Young",5
"H7_Plate29","Male","29","H",7,"Old",5
"H8_Plate29","Male","29","H",8,"Old",5
"H9_Plate29","Male","29","H",9,"Young",6
"H10_Plate29","Male","29","H",10,"Young",6
"H11_Plate29","Male","29","H",11,"Young",6
"H12_Plate29","Male","29","H",12,"Young",6
"A1_Plate30","Female","30","A",1,"Young",4
"A2_Plate30","Female","30","A",2,"Young",4
"A3_Plate30","Female","30","A",3,"Old",4
"A4_Plate30","Female","30","A",4,"Old",4
"A5_Plate30","Female","30","A",5,"Young",5
"A6_Plate30","Female","30","A",6,"Young",5
"A7_Plate30","Female","30","A",7,"Old",5
"A8_Plate30","Female","30","A",8,"Old",5
"A9_Plate30","Female","30","A",9,"Young",6
"A10_Plate30","Female","30","A",10,"Young",6
"A11_Plate30","Female","30","A",11,"Young",6
"A12_Plate30","Female","30","A",12,"Young",6
"B1_Plate30","Female","30","B",1,"Young",4
"B2_Plate30","Female","30","B",2,"Young",4
"B3_Plate30","Female","30","B",3,"Old",4
"B4_Plate30","Female","30","B",4,"Old",4
"B5_Plate30","Female","30","B",5,"Young",5
"B6_Plate30","Female","30","B",6,"Young",5
"B7_Plate30","Female","30","B",7,"Old",5
"B8_Plate30","Female","30","B",8,"Old",5
"B9_Plate30","Female","30","B",9,"Young",6
"B10_Plate30","Female","30","B",10,"Young",6
"B11_Plate30","Female","30","B",11,"Young",6
"B12_Plate30","Female","30","B",12,"Young",6
"C1_Plate30","Female","30","C",1,"Young",4
"C2_Plate30","Female","30","C",2,"Young",4
"C3_Plate30","Female","30","C",3,"Old",4
"C4_Plate30","Female","30","C",4,"Old",4
"C5_Plate30","Female","30","C",5,"Young",5
"C6_Plate30","Female","30","C",6,"Young",5
"C7_Plate30","Female","30","C",7,"Old",5
"C8_Plate30","Female","30","C",8,"Old",5
"C9_Plate30","Female","30","C",9,"Young",6
"C10_Plate30","Female","30","C",10,"Young",6
"C11_Plate30","Female","30","C",11,"Young",6
"C12_Plate30","Female","30","C",12,"Young",6
"D1_Plate30","Female","30","D",1,"Young",4
"D2_Plate30","Female","30","D",2,"Young",4
"D3_Plate30","Female","30","D",3,"Old",4
"D4_Plate30","Female","30","D",4,"Old",4
"D5_Plate30","Female","30","D",5,"Young",5
"D6_Plate30","Female","30","D",6,"Young",5
"D7_Plate30","Female","30","D",7,"Old",5
"D8_Plate30","Female","30","D",8,"Old",5
"D9_Plate30","Female","30","D",9,"Young",6
"D10_Plate30","Female","30","D",10,"Young",6
"D11_Plate30","Female","30","D",11,"Young",6
"D12_Plate30","Female","30","D",12,"Young",6
"E1_Plate30","Male","30","E",1,"Young",4
"E2_Plate30","Male","30","E",2,"Young",4
"E3_Plate30","Male","30","E",3,"Old",4
"E4_Plate30","Male","30","E",4,"Old",4
"E5_Plate30","Male","30","E",5,"Young",5
"E6_Plate30","Male","30","E",6,"Young",5
"E7_Plate30","Male","30","E",7,"Old",5
"E8_Plate30","Male","30","E",8,"Old",5
"E9_Plate30","Male","30","E",9,"Young",6
"E10_Plate30","Male","30","E",10,"Young",6
"E11_Plate30","Male","30","E",11,"Young",6
"E12_Plate30","Male","30","E",12,"Young",6
"F1_Plate30","Male","30","F",1,"Young",4
"F2_Plate30","Male","30","F",2,"Young",4
"F3_Plate30","Male","30","F",3,"Old",4
"F4_Plate30","Male","30","F",4,"Old",4
"F5_Plate30","Male","30","F",5,"Young",5
"F6_Plate30","Male","30","F",6,"Young",5
"F7_Plate30","Male","30","F",7,"Old",5
"F8_Plate30","Male","30","F",8,"Old",5
"F9_Plate30","Male","30","F",9,"Young",6
"F10_Plate30","Male","30","F",10,"Young",6
"F11_Plate30","Male","30","F",11,"Young",6
"F12_Plate30","Male","30","F",12,"Young",6
"G1_Plate30","Male","30","G",1,"Young",4
"G2_Plate30","Male","30","G",2,"Young",4
"G3_Plate30","Male","30","G",3,"Old",4
"G4_Plate30","Male","30","G",4,"Old",4
"G5_Plate30","Male","30","G",5,"Young",5
"G6_Plate30","Male","30","G",6,"Young",5
"G7_Plate30","Male","30","G",7,"Old",5
"G8_Plate30","Male","30","G",8,"Old",5
"G9_Plate30","Male","30","G",9,"Young",6
"G10_Plate30","Male","30","G",10,"Young",6
"G11_Plate30","Male","30","G",11,"Young",6
"G12_Plate30","Male","30","G",12,"Young",6
"H1_Plate30","Male","30","H",1,"Young",4
"H2_Plate30","Male","30","H",2,"Young",4
"H3_Plate30","Male","30","H",3,"Old",4
"H4_Plate30","Male","30","H",4,"Old",4
"H5_Plate30","Male","30","H",5,"Young",5
"H6_Plate30","Male","30","H",6,"Young",5
"H7_Plate30","Male","30","H",7,"Old",5
"H8_Plate30","Male","30","H",8,"Old",5
"H9_Plate30","Male","30","H",9,"Young",6
"H10_Plate30","Male","30","H",10,"Young",6
"H11_Plate30","Male","30","H",11,"Young",6
"H12_Plate30","Male","30","H",12,"Young",6
"A1_Plate35","Female","35","A",1,"Young",7
"A2_Plate35","Female","35","A",2,"Young",7
"A3_Plate35","Female","35","A",3,"Old",7
"A4_Plate35","Female","35","A",4,"Old",7
"A5_Plate35","Female","35","A",5,"Young",8
"A6_Plate35","Female","35","A",6,"Young",8
"A7_Plate35","Female","35","A",7,"Old",8
"A8_Plate35","Female","35","A",8,"Old",8
"A9_Plate35","Female","35","A",9,"Young",NA
"A10_Plate35","Female","35","A",10,"Young",NA
"A11_Plate35","Female","35","A",11,"Young",NA
"A12_Plate35","Female","35","A",12,"Young",NA
"B1_Plate35","Female","35","B",1,"Young",7
"B2_Plate35","Female","35","B",2,"Young",7
"B3_Plate35","Female","35","B",3,"Old",7
"B4_Plate35","Female","35","B",4,"Old",7
"B5_Plate35","Female","35","B",5,"Young",8
"B6_Plate35","Female","35","B",6,"Young",8
"B7_Plate35","Female","35","B",7,"Old",8
"B8_Plate35","Female","35","B",8,"Old",8
"B9_Plate35","Female","35","B",9,"Young",NA
"B10_Plate35","Female","35","B",10,"Young",NA
"B11_Plate35","Female","35","B",11,"Young",NA
"B12_Plate35","Female","35","B",12,"Young",NA
"C1_Plate35","Female","35","C",1,"Young",7
"C2_Plate35","Female","35","C",2,"Young",7
"C3_Plate35","Female","35","C",3,"Old",7
"C4_Plate35","Female","35","C",4,"Old",7
"C5_Plate35","Female","35","C",5,"Young",8
"C6_Plate35","Female","35","C",6,"Young",8
"C7_Plate35","Female","35","C",7,"Old",8
"C8_Plate35","Female","35","C",8,"Old",8
"C9_Plate35","Female","35","C",9,"Young",NA
"C10_Plate35","Female","35","C",10,"Young",NA
"C11_Plate35","Female","35","C",11,"Young",NA
"C12_Plate35","Female","35","C",12,"Young",NA
"D1_Plate35","Female","35","D",1,"Young",7
"D2_Plate35","Female","35","D",2,"Young",7
"D3_Plate35","Female","35","D",3,"Old",7
"D4_Plate35","Female","35","D",4,"Old",7
"D5_Plate35","Female","35","D",5,"Young",8
"D6_Plate35","Female","35","D",6,"Young",8
"D7_Plate35","Female","35","D",7,"Old",8
"D8_Plate35","Female","35","D",8,"Old",8
"D9_Plate35","Female","35","D",9,"Young",NA
"D10_Plate35","Female","35","D",10,"Young",NA
"D11_Plate35","Female","35","D",11,"Young",NA
"D12_Plate35","Female","35","D",12,"Young",NA
"E1_Plate35","Male","35","E",1,"Young",7
"E2_Plate35","Male","35","E",2,"Young",7
"E3_Plate35","Male","35","E",3,"Old",7
"E4_Plate35","Male","35","E",4,"Old",7
"E5_Plate35","Male","35","E",5,"Young",8
"E6_Plate35","Male","35","E",6,"Young",8
"E7_Plate35","Male","35","E",7,"Old",8
"E8_Plate35","Male","35","E",8,"Old",8
"E9_Plate35","Male","35","E",9,"Young",NA
"E10_Plate35","Male","35","E",10,"Young",NA
"E11_Plate35","Male","35","E",11,"Young",NA
"E12_Plate35","Male","35","E",12,"Young",NA
"F1_Plate35","Male","35","F",1,"Young",7
"F2_Plate35","Male","35","F",2,"Young",7
"F3_Plate35","Male","35","F",3,"Old",7
"F4_Plate35","Male","35","F",4,"Old",7
"F5_Plate35","Male","35","F",5,"Young",8
"F6_Plate35","Male","35","F",6,"Young",8
"F7_Plate35","Male","35","F",7,"Old",8
"F8_Plate35","Male","35","F",8,"Old",8
"F9_Plate35","Male","35","F",9,"Young",NA
"F10_Plate35","Male","35","F",10,"Young",NA
"F11_Plate35","Male","35","F",11,"Young",NA
"F12_Plate35","Male","35","F",12,"Young",NA
"G1_Plate35","Male","35","G",1,"Young",7
"G2_Plate35","Male","35","G",2,"Young",7
"G3_Plate35","Male","35","G",3,"Old",7
"G4_Plate35","Male","35","G",4,"Old",7
"G5_Plate35","Male","35","G",5,"Young",8
"G6_Plate35","Male","35","G",6,"Young",8
"G7_Plate35","Male","35","G",7,"Old",8
"G8_Plate35","Male","35","G",8,"Old",8
"G9_Plate35","Male","35","G",9,"Young",NA
"G10_Plate35","Male","35","G",10,"Young",NA
"G11_Plate35","Male","35","G",11,"Young",NA
"G12_Plate35","Male","35","G",12,"Young",NA
"H1_Plate35","Male","35","H",1,"Young",7
"H2_Plate35","Male","35","H",2,"Young",7
"H3_Plate35","Male","35","H",3,"Old",7
"H4_Plate35","Male","35","H",4,"Old",7
"H5_Plate35","Male","35","H",5,"Young",8
"H6_Plate35","Male","35","H",6,"Young",8
"H7_Plate35","Male","35","H",7,"Old",8
"H8_Plate35","Male","35","H",8,"Old",8
"H9_Plate35","Male","35","H",9,"Young",NA
"H10_Plate35","Male","35","H",10,"Young",NA
"H11_Plate35","Male","35","H",11,"Young",NA
"H12_Plate35","Male","35","H",12,"Young",NA
"A1_Plate36","Female","36","A",1,"Young",7
"A2_Plate36","Female","36","A",2,"Young",7
"A3_Plate36","Female","36","A",3,"Old",7
"A4_Plate36","Female","36","A",4,"Old",7
"A5_Plate36","Female","36","A",5,"Young",8
"A6_Plate36","Female","36","A",6,"Young",8
"A7_Plate36","Female","36","A",7,"Old",8
"A8_Plate36","Female","36","A",8,"Old",8
"A9_Plate36","Female","36","A",9,"Young",NA
"A10_Plate36","Female","36","A",10,"Young",NA
"A11_Plate36","Female","36","A",11,"Young",NA
"A12_Plate36","Female","36","A",12,"Young",NA
"B1_Plate36","Female","36","B",1,"Young",7
"B2_Plate36","Female","36","B",2,"Young",7
"B3_Plate36","Female","36","B",3,"Old",7
"B4_Plate36","Female","36","B",4,"Old",7
"B5_Plate36","Female","36","B",5,"Young",8
"B6_Plate36","Female","36","B",6,"Young",8
"B7_Plate36","Female","36","B",7,"Old",8
"B8_Plate36","Female","36","B",8,"Old",8
"B9_Plate36","Female","36","B",9,"Young",NA
"B10_Plate36","Female","36","B",10,"Young",NA
"B11_Plate36","Female","36","B",11,"Young",NA
"B12_Plate36","Female","36","B",12,"Young",NA
"C1_Plate36","Female","36","C",1,"Young",7
"C2_Plate36","Female","36","C",2,"Young",7
"C3_Plate36","Female","36","C",3,"Old",7
"C4_Plate36","Female","36","C",4,"Old",7
"C5_Plate36","Female","36","C",5,"Young",8
"C6_Plate36","Female","36","C",6,"Young",8
"C7_Plate36","Female","36","C",7,"Old",8
"C8_Plate36","Female","36","C",8,"Old",8
"C9_Plate36","Female","36","C",9,"Young",NA
"C10_Plate36","Female","36","C",10,"Young",NA
"C11_Plate36","Female","36","C",11,"Young",NA
"C12_Plate36","Female","36","C",12,"Young",NA
"D1_Plate36","Female","36","D",1,"Young",7
"D2_Plate36","Female","36","D",2,"Young",7
"D3_Plate36","Female","36","D",3,"Old",7
"D4_Plate36","Female","36","D",4,"Old",7
"D5_Plate36","Female","36","D",5,"Young",8
"D6_Plate36","Female","36","D",6,"Young",8
"D7_Plate36","Female","36","D",7,"Old",8
"D8_Plate36","Female","36","D",8,"Old",8
"D9_Plate36","Female","36","D",9,"Young",NA
"D10_Plate36","Female","36","D",10,"Young",NA
"D11_Plate36","Female","36","D",11,"Young",NA
"D12_Plate36","Female","36","D",12,"Young",NA
"E1_Plate36","Male","36","E",1,"Young",7
"E2_Plate36","Male","36","E",2,"Young",7
"E3_Plate36","Male","36","E",3,"Old",7
"E4_Plate36","Male","36","E",4,"Old",7
"E5_Plate36","Male","36","E",5,"Young",8
"E6_Plate36","Male","36","E",6,"Young",8
"E7_Plate36","Male","36","E",7,"Old",8
"E8_Plate36","Male","36","E",8,"Old",8
"E9_Plate36","Male","36","E",9,"Young",NA
"E10_Plate36","Male","36","E",10,"Young",NA
"E11_Plate36","Male","36","E",11,"Young",NA
"E12_Plate36","Male","36","E",12,"Young",NA
"F1_Plate36","Male","36","F",1,"Young",7
"F2_Plate36","Male","36","F",2,"Young",7
"F3_Plate36","Male","36","F",3,"Old",7
"F4_Plate36","Male","36","F",4,"Old",7
"F5_Plate36","Male","36","F",5,"Young",8
"F6_Plate36","Male","36","F",6,"Young",8
"F7_Plate36","Male","36","F",7,"Old",8
"F8_Plate36","Male","36","F",8,"Old",8
"F9_Plate36","Male","36","F",9,"Young",NA
"F10_Plate36","Male","36","F",10,"Young",NA
"F11_Plate36","Male","36","F",11,"Young",NA
"F12_Plate36","Male","36","F",12,"Young",NA
"G1_Plate36","Male","36","G",1,"Young",7
"G2_Plate36","Male","36","G",2,"Young",7
"G3_Plate36","Male","36","G",3,"Old",7
"G4_Plate36","Male","36","G",4,"Old",7
"G5_Plate36","Male","36","G",5,"Young",8
"G6_Plate36","Male","36","G",6,"Young",8
"G7_Plate36","Male","36","G",7,"Old",8
"G8_Plate36","Male","36","G",8,"Old",8
"G9_Plate36","Male","36","G",9,"Young",NA
"G10_Plate36","Male","36","G",10,"Young",NA
"G11_Plate36","Male","36","G",11,"Young",NA
"G12_Plate36","Male","36","G",12,"Young",NA
"H1_Plate36","Male","36","H",1,"Young",7
"H2_Plate36","Male","36","H",2,"Young",7
"H3_Plate36","Male","36","H",3,"Old",7
"H4_Plate36","Male","36","H",4,"Old",7
"H5_Plate36","Male","36","H",5,"Young",8
"H6_Plate36","Male","36","H",6,"Young",8
"H7_Plate36","Male","36","H",7,"Old",8
"H8_Plate36","Male","36","H",8,"Old",8
"H9_Plate36","Male","36","H",9,"Young",NA
"H10_Plate36","Male","36","H",10,"Young",NA
"H11_Plate36","Male","36","H",11,"Young",NA
"H12_Plate36","Male","36","H",12,"Young",NA
"A1_Plate43","Female","43","A",1,"Young",9
"A2_Plate43","Female","43","A",2,"Young",9
"A3_Plate43","Female","43","A",3,"Old",9
"A4_Plate43","Female","43","A",4,"Old",9
"A5_Plate43","Female","43","A",5,"Young",10
"A6_Plate43","Female","43","A",6,"Young",10
"A7_Plate43","Female","43","A",7,"Old",10
"A8_Plate43","Female","43","A",8,"Old",10
"A9_Plate43","Female","43","A",9,"Young",11
"A10_Plate43","Female","43","A",10,"Young",11
"A11_Plate43","Female","43","A",11,"Young",11
"A12_Plate43","Female","43","A",12,"Young",11
"B1_Plate43","Female","43","B",1,"Young",9
"B2_Plate43","Female","43","B",2,"Young",9
"B3_Plate43","Female","43","B",3,"Old",9
"B4_Plate43","Female","43","B",4,"Old",9
"B5_Plate43","Female","43","B",5,"Young",10
"B6_Plate43","Female","43","B",6,"Young",10
"B7_Plate43","Female","43","B",7,"Old",10
"B8_Plate43","Female","43","B",8,"Old",10
"B9_Plate43","Female","43","B",9,"Young",11
"B10_Plate43","Female","43","B",10,"Young",11
"B11_Plate43","Female","43","B",11,"Young",11
"B12_Plate43","Female","43","B",12,"Young",11
"C1_Plate43","Female","43","C",1,"Young",9
"C2_Plate43","Female","43","C",2,"Young",9
"C3_Plate43","Female","43","C",3,"Old",9
"C4_Plate43","Female","43","C",4,"Old",9
"C5_Plate43","Female","43","C",5,"Young",10
"C6_Plate43","Female","43","C",6,"Young",10
"C7_Plate43","Female","43","C",7,"Old",10
"C8_Plate43","Female","43","C",8,"Old",10
"C9_Plate43","Female","43","C",9,"Young",11
"C10_Plate43","Female","43","C",10,"Young",11
"C11_Plate43","Female","43","C",11,"Young",11
"C12_Plate43","Female","43","C",12,"Young",11
"D1_Plate43","Female","43","D",1,"Young",9
"D2_Plate43","Female","43","D",2,"Young",9
"D3_Plate43","Female","43","D",3,"Old",9
"D4_Plate43","Female","43","D",4,"Old",9
"D5_Plate43","Female","43","D",5,"Young",10
"D6_Plate43","Female","43","D",6,"Young",10
"D7_Plate43","Female","43","D",7,"Old",10
"D8_Plate43","Female","43","D",8,"Old",10
"D9_Plate43","Female","43","D",9,"Young",11
"D10_Plate43","Female","43","D",10,"Young",11
"D11_Plate43","Female","43","D",11,"Young",11
"D12_Plate43","Female","43","D",12,"Young",11
"E1_Plate43","Male","43","E",1,"Young",9
"E2_Plate43","Male","43","E",2,"Young",9
"E3_Plate43","Male","43","E",3,"Old",9
"E4_Plate43","Male","43","E",4,"Old",9
"E5_Plate43","Male","43","E",5,"Young",10
"E6_Plate43","Male","43","E",6,"Young",10
"E7_Plate43","Male","43","E",7,"Old",10
"E8_Plate43","Male","43","E",8,"Old",10
"E9_Plate43","Male","43","E",9,"Young",11
"E10_Plate43","Male","43","E",10,"Young",11
"E11_Plate43","Male","43","E",11,"Young",11
"E12_Plate43","Male","43","E",12,"Young",11
"F1_Plate43","Male","43","F",1,"Young",9
"F2_Plate43","Male","43","F",2,"Young",9
"F3_Plate43","Male","43","F",3,"Old",9
"F4_Plate43","Male","43","F",4,"Old",9
"F5_Plate43","Male","43","F",5,"Young",10
"F6_Plate43","Male","43","F",6,"Young",10
"F7_Plate43","Male","43","F",7,"Old",10
"F8_Plate43","Male","43","F",8,"Old",10
"F9_Plate43","Male","43","F",9,"Young",11
"F10_Plate43","Male","43","F",10,"Young",11
"F11_Plate43","Male","43","F",11,"Young",11
"F12_Plate43","Male","43","F",12,"Young",11
"G1_Plate43","Male","43","G",1,"Young",9
"G2_Plate43","Male","43","G",2,"Young",9
"G3_Plate43","Male","43","G",3,"Old",9
"G4_Plate43","Male","43","G",4,"Old",9
"G5_Plate43","Male","43","G",5,"Young",10
"G6_Plate43","Male","43","G",6,"Young",10
"G7_Plate43","Male","43","G",7,"Old",10
"G8_Plate43","Male","43","G",8,"Old",10
"G9_Plate43","Male","43","G",9,"Young",11
"G10_Plate43","Male","43","G",10,"Young",11
"G11_Plate43","Male","43","G",11,"Young",11
"G12_Plate43","Male","43","G",12,"Young",11
"H1_Plate43","Male","43","H",1,"Young",9
"H2_Plate43","Male","43","H",2,"Young",9
"H3_Plate43","Male","43","H",3,"Old",9
"H4_Plate43","Male","43","H",4,"Old",9
"H5_Plate43","Male","43","H",5,"Young",10
"H6_Plate43","Male","43","H",6,"Young",10
"H7_Plate43","Male","43","H",7,"Old",10
"H8_Plate43","Male","43","H",8,"Old",10
"H9_Plate43","Male","43","H",9,"Young",11
"H10_Plate43","Male","43","H",10,"Young",11
"H11_Plate43","Male","43","H",11,"Young",11
"H12_Plate43","Male","43","H",12,"Young",11
"A1_Plate44","Female","44","A",1,"Young",9
"A2_Plate44","Female","44","A",2,"Young",9
"A3_Plate44","Female","44","A",3,"Old",9
"A4_Plate44","Female","44","A",4,"Old",9
"A5_Plate44","Female","44","A",5,"Young",10
"A6_Plate44","Female","44","A",6,"Young",10
"A7_Plate44","Female","44","A",7,"Old",10
"A8_Plate44","Female","44","A",8,"Old",10
"A9_Plate44","Female","44","A",9,"Young",11
"A10_Plate44","Female","44","A",10,"Young",11
"A11_Plate44","Female","44","A",11,"Young",11
"A12_Plate44","Female","44","A",12,"Young",11
"B1_Plate44","Female","44","B",1,"Young",9
"B2_Plate44","Female","44","B",2,"Young",9
"B3_Plate44","Female","44","B",3,"Old",9
"B4_Plate44","Female","44","B",4,"Old",9
"B5_Plate44","Female","44","B",5,"Young",10
"B6_Plate44","Female","44","B",6,"Young",10
"B7_Plate44","Female","44","B",7,"Old",10
"B8_Plate44","Female","44","B",8,"Old",10
"B9_Plate44","Female","44","B",9,"Young",11
"B10_Plate44","Female","44","B",10,"Young",11
"B11_Plate44","Female","44","B",11,"Young",11
"B12_Plate44","Female","44","B",12,"Young",11
"C1_Plate44","Female","44","C",1,"Young",9
"C2_Plate44","Female","44","C",2,"Young",9
"C3_Plate44","Female","44","C",3,"Old",9
"C4_Plate44","Female","44","C",4,"Old",9
"C5_Plate44","Female","44","C",5,"Young",10
"C6_Plate44","Female","44","C",6,"Young",10
"C7_Plate44","Female","44","C",7,"Old",10
"C8_Plate44","Female","44","C",8,"Old",10
"C9_Plate44","Female","44","C",9,"Young",11
"C10_Plate44","Female","44","C",10,"Young",11
"C11_Plate44","Female","44","C",11,"Young",11
"C12_Plate44","Female","44","C",12,"Young",11
"D1_Plate44","Female","44","D",1,"Young",9
"D2_Plate44","Female","44","D",2,"Young",9
"D3_Plate44","Female","44","D",3,"Old",9
"D4_Plate44","Female","44","D",4,"Old",9
"D5_Plate44","Female","44","D",5,"Young",10
"D6_Plate44","Female","44","D",6,"Young",10
"D7_Plate44","Female","44","D",7,"Old",10
"D8_Plate44","Female","44","D",8,"Old",10
"D9_Plate44","Female","44","D",9,"Young",11
"D10_Plate44","Female","44","D",10,"Young",11
"D11_Plate44","Female","44","D",11,"Young",11
"D12_Plate44","Female","44","D",12,"Young",11
"E1_Plate44","Male","44","E",1,"Young",9
"E2_Plate44","Male","44","E",2,"Young",9
"E3_Plate44","Male","44","E",3,"Old",9
"E4_Plate44","Male","44","E",4,"Old",9
"E5_Plate44","Male","44","E",5,"Young",10
"E6_Plate44","Male","44","E",6,"Young",10
"E7_Plate44","Male","44","E",7,"Old",10
"E8_Plate44","Male","44","E",8,"Old",10
"E9_Plate44","Male","44","E",9,"Young",11
"E10_Plate44","Male","44","E",10,"Young",11
"E11_Plate44","Male","44","E",11,"Young",11
"E12_Plate44","Male","44","E",12,"Young",11
"F1_Plate44","Male","44","F",1,"Young",9
"F2_Plate44","Male","44","F",2,"Young",9
"F3_Plate44","Male","44","F",3,"Old",9
"F4_Plate44","Male","44","F",4,"Old",9
"F5_Plate44","Male","44","F",5,"Young",10
"F6_Plate44","Male","44","F",6,"Young",10
"F7_Plate44","Male","44","F",7,"Old",10
"F8_Plate44","Male","44","F",8,"Old",10
"F9_Plate44","Male","44","F",9,"Young",11
"F10_Plate44","Male","44","F",10,"Young",11
"F11_Plate44","Male","44","F",11,"Young",11
"F12_Plate44","Male","44","F",12,"Young",11
"G1_Plate44","Male","44","G",1,"Young",9
"G2_Plate44","Male","44","G",2,"Young",9
"G3_Plate44","Male","44","G",3,"Old",9
"G4_Plate44","Male","44","G",4,"Old",9
"G5_Plate44","Male","44","G",5,"Young",10
"G6_Plate44","Male","44","G",6,"Young",10
"G7_Plate44","Male","44","G",7,"Old",10
"G8_Plate44","Male","44","G",8,"Old",10
"G9_Plate44","Male","44","G",9,"Young",11
"G10_Plate44","Male","44","G",10,"Young",11
"G11_Plate44","Male","44","G",11,"Young",11
"G12_Plate44","Male","44","G",12,"Young",11
"H1_Plate44","Male","44","H",1,"Young",9
"H2_Plate44","Male","44","H",2,"Young",9
"H3_Plate44","Male","44","H",3,"Old",9
"H4_Plate44","Male","44","H",4,"Old",9
"H5_Plate44","Male","44","H",5,"Young",10
"H6_Plate44","Male","44","H",6,"Young",10
"H7_Plate44","Male","44","H",7,"Old",10
"H8_Plate44","Male","44","H",8,"Old",10
"H9_Plate44","Male","44","H",9,"Young",11
"H10_Plate44","Male","44","H",10,"Young",11
"H11_Plate44","Male","44","H",11,"Young",11
"H12_Plate44","Male","44","H",12,"Young",11
